6000.5.5f1	d16e074b49fd	SUPPORTED
6000.6.0b5	b5238eaafb35	BETA
6000.0.80f1	2dfd32957da2	LTS
6000.3.20f1	c9ba695d4f07	LTS
6000.6.0b4	2212ba80b59e	BETA
6000.5.4f1	d550df8bd089	SUPPORTED
6000.7.0a2	83605ec097c0	ALPHA
6000.6.0b3	cf7ddae6c717	BETA
6000.0.79f1	4e8d7afad3cd	LTS
6000.5.3f1	c2eb47b3a2a9	SUPPORTED
6000.6.0b2	de66c00feac7	BETA
6000.5.2f1	eb73d3b415a1	SUPPORTED
6000.3.19f1	7689f4515d75	LTS
6000.7.0a1	0fe3875ef801	ALPHA
6000.0.78f1	ec8a99a872be	LTS
6000.5.1f1	0d9463e84828	SUPPORTED
6000.6.0b1	bec83302551e	BETA
6000.4.12f1	3ca267ce8005	SUPPORTED
6000.3.18f1	5ebeb53e4c07	LTS
6000.5.0f1	88b47c5e7076	SUPPORTED
6000.6.0a7	240d06e2411b	ALPHA
6000.4.11f1	b0a1d6caadd2	SUPPORTED
6000.0.77f1	88f89d0d8b31	LTS
6000.3.17f1	cf0352b38e81	LTS
6000.5.0b11	25d6213cd1ab	BETA
6000.4.10f1	feeafc12a938	SUPPORTED
6000.6.0a6	5c9528587bc8	ALPHA
6000.5.0b10	fc01675d12b6	BETA
6000.4.9f1	f7258d6eebbe	SUPPORTED
6000.0.76f1	6f7f9e1c9e8a	LTS
6000.4.8f1	f8b72d3d7343	SUPPORTED
6000.5.0b9	342347f1f18f	BETA
6000.3.16f1	a56f230f6470	LTS
6000.5.0b8	9be2869246c2	BETA
6000.0.75f1	26349cd2a5c8	LTS
6000.6.0a5	e220e6931c38	ALPHA
6000.4.7f1	f3c3c4248748	SUPPORTED
6000.3.15f1	c1aa84e375f6	LTS
6000.5.0b7	c8c45dd2de2f	BETA
6000.4.6f1	0b051c2e5d54	SUPPORTED
6000.5.0b6	81a3023a9d59	BETA
6000.0.74f1	7685f01dc6be	LTS
6000.4.5f1	cc83ebd631f8	SUPPORTED
6000.5.0b5	68fb1ff6adb3	BETA
6000.4.4f1	360f97ecca93	SUPPORTED
6000.3.14f1	d68c3f99a318	LTS
6000.5.0b4	e1c9a1593d20	BETA
6000.6.0a3	93858bc74878	ALPHA
6000.4.3f1	39d1a88d4dd1	SUPPORTED
6000.0.73f1	a166abc3bf0e	LTS
6000.4.2f1	7a4c1aeef971	SUPPORTED
6000.5.0b3	8bf67c72295a	BETA
6000.3.13f1	8c4f11e4fb20	LTS
6000.6.0a2	64de5ee36373	ALPHA
6000.5.0b2	4427344da5e9	BETA
6000.0.72f1	b731fd3ae857	LTS
6000.4.1f1	336a400b9ea2	SUPPORTED
6000.5.0b1	c1f81ff5b082	BETA
6000.3.12f1	fca03ac9b0d5	LTS
6000.5.0a9	253a859729df	ALPHA
6000.4.0f1	8cf496087c8f	SUPPORTED
6000.0.71f1	907bc2d768b5	LTS
6000.3.11f1	3000ef702840	LTS
6000.0.70f1	0d9e1a373c8b	LTS
6000.5.0a8	d36222f39966	ALPHA
6000.0.69f1	5f8607f5118b	LTS
6000.4.0b11	d7070c58cf66	BETA
6000.4.0b10	db4e1fb4df96	BETA
6000.3.10f1	e35f0c77bd8e	LTS
6000.4.0b8	f3f87a02ba54	BETA
6000.4.0b9	74e5d09f9bc7	BETA
6000.5.0a7	0841031ff752	ALPHA
6000.0.68f1	e1e9baaf294b	LTS
6000.3.9f1	7a9955a4f2fa	LTS
6000.3.8f1	1c7db571dde0	LTS
6000.3.7f1	696ec25a53d1	LTS
6000.5.0a6	07a4e6f4c5c6	ALPHA
6000.0.67f1	78a1c2bbeb6a	LTS
6000.4.0b7	017dc5ccc4b3	BETA
6000.3.6f1	bbb010bdb8a3	LTS
6000.4.0b6	ad11f9e78441	BETA
6000.0.66f2	b20bc5da3050	LTS
6000.3.5f2	3fa8bc678cb0	LTS
6000.4.0b5	943271b8a1a6	BETA
6000.5.0a5	9b63d0bc55db	ALPHA
6000.0.66f1	e7adf66625be	LTS
6000.3.5f1	a1ec4b2f2d19	LTS
6000.3.4f1	fdd3b8998ec4	LTS
6000.4.0b4	363fa9eb2d30	BETA
6000.5.0a4	35ed6e8537f8	ALPHA
6000.3.3f1	ef04196de0d6	LTS
6000.4.0b3	6a102f65a170	BETA
6000.0.65f1	a18e2220bd50	LTS
6000.4.0b2	0fb5a5673c70	BETA
6000.3.2f1	a9779f353c9b	LTS
6000.5.0a3	d715b48dcd52	ALPHA
6000.4.0b1	7f5311c97e12	BETA
6000.0.64f1	5360b7cd7953	LTS
6000.3.1f1	37142da19a94	LTS
6000.3.0f1	d1870ce95baf	LTS
6000.2.15f1	0707b6d1e918	SUPPORTED
6000.0.63f1	9438f9b77a46	LTS
6000.2.14f1	589824c1fc31	SUPPORTED
6000.4.0a5	12f7d227ffca	ALPHA
6000.2.13f1	abdb44fca7f7	SUPPORTED
6000.2.12f1	e89d5df0e333	SUPPORTED
6000.3.0b10	9f756a58f7c9	BETA
6000.3.0b9	82dc9f038487	BETA
6000.4.0a4	e3c84445ccf5	ALPHA
6000.2.11f1	7134d7685e5d	SUPPORTED
6000.0.62f1	f99f05b3e950	LTS
6000.0.61f1	74a0adb02c31	LTS
6000.3.0b8	e2637a2f0801	BETA
6000.2.10f1	d3d30d158480	SUPPORTED
2022.3.62f3	96770f904ca7	LTS
6000.3.0b7	1bec74c0745e	BETA
6000.2.9f1	e0c4e791ab71	SUPPORTED
6000.3.0b6	211490bb75a6	BETA
6000.0.60f1	61dfb374e36f	LTS
6000.4.0a2	79bd4f638ac0	ALPHA
2019.4.41f2	6b23d448b533	LTS
6000.2.8f1	c9992ac36c34	SUPPORTED
6000.3.0b5	d8efd0de5abc	BETA
6000.2.7f2	2b518236b676	SUPPORTED
6000.0.59f2	ef281c76c3c1	LTS
6000.1.17f1	c0b9d3899998	SUPPORTED
2019.1.15f1	583d034c23b3	TECH
2019.2.23f1	87f4fccf3219	TECH
2019.3.17f1	3146848a1e9d	TECH
2019.4.41f1	fb553f8fdd6c	LTS
2020.1.18f1	de967051c903	TECH
2020.2.8f1	8d515ec5f4e8	TECH
2020.3.49f1	18249dd5551b	LTS
2021.1.29f1	db29239097bd	TECH
2021.2.20f1	bcf509533812	TECH
2021.3.45f2	88f88f591b2e	LTS
2022.1.25f1	6eece5ec9edc	TECH
2022.2.23f1	16a49e77427a	TECH
2022.3.62f2	7670c08855a9	LTS
2023.1.22f1	c1416845ad01	TECH
2023.2.22f1	6b19bf4f8115	TECH
6000.0.58f2	92dee566b325	LTS
6000.2.6f2	4a4dcaec6541	SUPPORTED
6000.3.0b4	b7597543b0a4	BETA
6000.3.0b3	b9ec4d9f8687	BETA
6000.2.6f1	cc51a95c0300	SUPPORTED
6000.3.0b2	7f97452eb215	BETA
6000.2.5f1	43d04cd1df69	SUPPORTED
6000.0.58f1	44b8bf3a3225	LTS
6000.2.4f1	17550c9bb584	SUPPORTED
6000.3.0b1	0470b869db67	BETA
6000.2.3f1	c7638eb16d91	SUPPORTED
6000.0.57f1	b7b9860b7bbd	LTS
6000.2.2f1	ea398eefe1c2	SUPPORTED
6000.3.0a5	36d7e9fd6645	ALPHA
6000.2.1f1	55300504c302	SUPPORTED
6000.0.56f1	9c7b5e468860	LTS
6000.1.16f1	67bef3276ff1	SUPPORTED
6000.2.0f1	eed1c594c913	SUPPORTED
6000.2.0b13	97eaab855a3c	BETA
6000.1.15f1	faa32412f6c9	SUPPORTED
6000.0.55f1	c5f59906196d	LTS
6000.1.14f1	db7aa045cc2c	SUPPORTED
6000.2.0b12	d8d65c0eba17	BETA
6000.2.0b11	f8763d3ca6e2	BETA
6000.3.0a3	14d049ebeaff	ALPHA
6000.0.54f1	4c506e5b5cc5	LTS
6000.1.13f1	418bd0acaa6b	SUPPORTED
6000.3.0a2	d454866889d5	ALPHA
6000.2.0b10	49b019a01a23	BETA
6000.1.12f1	da0c3ee78ee0	SUPPORTED
6000.2.0b9	377f5a9787ef	BETA
6000.1.11f1	9b156bbbd4df	SUPPORTED
6000.0.53f1	283510a092d9	LTS
6000.1.10f1	3c681a6c22ff	SUPPORTED
6000.2.0b8	cf6d2d083ec9	BETA
6000.0.52f1	9e4086222921	LTS
6000.2.0b7	f57a55ac740d	BETA
6000.1.9f1	ed7b183fd33d	SUPPORTED
6000.2.0b6	439913089442	BETA
6000.1.8f1	2a5b1522e5ab	SUPPORTED
6000.1.7f1	13a8ffad9172	SUPPORTED
6000.0.51f1	01c3ff5872c5	LTS
6000.2.0b5	c1cd6601d4c1	BETA
6000.1.6f1	d64b1a599cad	SUPPORTED
6000.2.0b4	eb7dd46c99ad	BETA
6000.2.0b3	4504a57e80f0	BETA
6000.0.50f1	f1ef1dca8bff	LTS
6000.1.5f1	923722cbbcfc	SUPPORTED
6000.1.4f1	03270eb687c6	SUPPORTED
6000.2.0b2	2bdac9ac0d74	BETA
6000.2.0b1	d17678da8412	BETA
6000.0.49f1	840e0a9776d9	LTS
6000.1.3f1	f34db9734971	SUPPORTED
2022.3.62f1	4af31df58517	LTS
6000.1.2f1	8e2281df4c52	SUPPORTED
6000.2.0a10	a07df2efa5a1	ALPHA
6000.1.1f1	7197418f847b	SUPPORTED
6000.0.48f1	170d2541580d	LTS
6000.1.0f1	9ea152932a88	SUPPORTED
6000.2.0a9	2aeb7e9a02a2	ALPHA
6000.0.47f1	2ad1ed33fd3b	LTS
6000.1.0b15	57e9aff1c7f5	BETA
6000.1.0b14	18b9f00e83e1	BETA
2022.3.61f1	6c53ebaf375d	LTS
6000.0.46f1	fb93bc360d3a	LTS
6000.1.0b13	81eefeb8a871	BETA
6000.2.0a8	6bc6fbc26ac6	ALPHA
6000.0.45f1	d91bd3d4e081	LTS
6000.0.44f1	101c91f3a8fb	LTS
6000.1.0b12	8e2fce1fdf6e	BETA
6000.0.43f1	97272b72f107	LTS
6000.1.0b11	c7b7080a3879	BETA
2022.3.60f1	5f63fdee6d95	LTS
6000.0.42f1	feb9a7235030	LTS
6000.1.0b10	ea33ab13f229	BETA
6000.1.0b9	9d04ad30594f	BETA
6000.2.0a6	249fe0a196c2	ALPHA
6000.0.41f1	46e447368a18	LTS
6000.1.0b8	da872d7b2f71	BETA
2022.3.59f1	630718f645a5	LTS
6000.0.40f1	157d81624ddf	LTS
6000.2.0a4	56df1dd3b76d	ALPHA
6000.0.39f1	15ea7ed0b100	LTS
6000.1.0b7	faad68ae9e63	BETA
2022.3.58f1	ed7f6eacb62e	LTS
6000.1.0b6	ec21b2dabf4e	BETA
6000.0.38f1	82314a941f2d	LTS
6000.1.0b5	7d9a76ad3b39	BETA
6000.0.37f1	090b7797214c	LTS
6000.2.0a1	8a01b55183a9	ALPHA
2022.3.57f1	9d8bd91adc0a	LTS
6000.1.0b4	efb05cc7f084	BETA
6000.0.36f1	9fe3b5f71dbb	LTS
6000.0.35f1	9a3bc604008a	LTS
6000.1.0b3	50200d1802f5	BETA
6000.1.0b2	3669277cec74	BETA
6000.0.34f1	5ab2d9ed9190	LTS
2022.3.56f1	dd0c98481d00	LTS
6000.0.33f1	433b0a79340b	LTS
6000.1.0b1	747f458f33a3	BETA
6000.0.32f1	b2e806cf271c	LTS
6000.1.0a9	0115cb901a32	ALPHA
2022.3.55f1	9f374180d209	LTS
6000.0.31f1	a206c360e2a8	LTS
6000.1.0a8	330fbefc18b7	ALPHA
6000.1.0a7	7a0c1f937016	ALPHA
6000.0.30f1	62b05ba0686a	LTS
2022.3.54f1	129125d4e700	LTS
6000.1.0a6	3b090bf0e2f9	ALPHA
6000.0.29f1	9fafe5c9db65	LTS
6000.0.28f1	f336aca0cab5	LTS
6000.1.0a5	025711cf5da4	ALPHA
2022.3.53f1	df4e529d20d3	LTS
6000.0.27f1	27c554a2199c	LTS
6000.1.0a4	85b340e59dad	ALPHA
6000.0.26f1	ccb7c73d2c02	LTS
6000.1.0a3	26ee3f072390	ALPHA
2022.3.52f1	1120fcb54228	LTS
6000.0.25f1	4859ab7b5a49	LTS
6000.1.0a2	a89db594e032	ALPHA
6000.0.24f1	11fa355cd605	LTS
2022.3.51f1	9f9d16c45e54	LTS
6000.0.23f1	1c4764c07fb4	LTS
2021.3.45f1	0da89fac8e79	LTS
2022.3.50f1	c3db7f8bf9b1	LTS
6000.0.22f1	001fa5a8e29a	TECH
2022.3.49f1	4dae1bb8668d	LTS
2022.3.48f1	8bf49c377ebf	LTS
6000.0.21f1	e2bacb8dee3a	TECH
2021.3.44f1	94d194ca434d	LTS
6000.0.20f1	05208a74e9aa	TECH
2022.3.47f1	88c277b85d21	LTS
6000.0.19f1	302b264628f9	TECH
2022.3.46f1	8e9b8558c41a	LTS
6000.0.18f1	3699cf869f9b	TECH
2022.3.45f1	a13dfa44d684	LTS
6000.0.17f1	95e1b8cf7a6b	TECH
2022.3.44f1	c3ae09b9f03c	LTS
6000.0.16f1	ae37dbaefed8	TECH
2021.3.43f1	6f9470916942	LTS
2022.3.43f1	85497d293fa1	LTS
6000.0.15f1	6a96561936c0	TECH
2022.3.42f1	2dcb6a0abc42	LTS
6000.0.14f1	e12ab2d6a089	TECH
2022.3.41f1	0f988161febf	LTS
2021.3.42f1	f1197811e8ce	LTS
6000.0.13f1	53a692e3fca9	TECH
2022.3.40f1	cbdda657d2f0	LTS
6000.0.12f1	7defd84cdab8	TECH
2022.3.39f1	4e1b0f82c39a	LTS
2021.3.41f1	6c5a9e20c022	LTS
6000.0.11f1	fa01dd6b76d5	TECH
2022.3.38f1	c5d5a7410213	LTS
6000.0.10f1	413673acabac	TECH
2022.3.37f1	340ba89e4c23	LTS
6000.0.9f1	1490908003ac	TECH
2022.3.36f1	95a4219250e5	LTS
6000.0.8f1	fa7102f01711	TECH
2022.3.35f1	011206c7a712	LTS
2021.3.40f1	6fcab7dbbbc1	LTS
6000.0.7f1	7dd95c051e11	TECH
2022.3.34f1	4886f5360533	LTS
2022.3.33f1	b2c853adf198	LTS
6000.0.5f1	17028576122a	TECH
2022.3.32f1	c8300dc0a3fa	LTS
6000.0.4f1	b5d5d06b038a	TECH
2022.3.31f1	4ede2d13e8b4	LTS
2021.3.39f1	fb3b7b32f191	LTS
6000.0.3f1	019aa96b6ed9	TECH
2022.3.30f1	70558241b701	LTS
6000.0.2f1	c36be92430b9	TECH
2022.3.29f1	8d510ca76d2b	LTS
6000.0.1f1	d9cf669c6271	TECH
2022.3.28f1	6bae5ce6b222	LTS
2021.3.38f1	7a2fa5d8d101	LTS
2022.3.27f1	73effa14754f	LTS
6000.0.0f1	4ff56b3ea44c	TECH
2023.2.20f1	0e25a174756c	TECH
2022.3.26f1	ec6cd8118806	LTS
6000.0.0b16	1ddb887463a9	BETA
2023.2.19f1	95c298372b1e	TECH
2022.3.25f1	530ae0ba3889	LTS
6000.0.0b15	8008bc0c1b74	BETA
2023.2.18f1	1cb755715f58	TECH
2022.3.24f1	334eb2a0b267	LTS
2023.2.17f1	396a1c6fe404	TECH
2022.3.23f1	dbb3f7c5b5c6	LTS
2021.3.37f1	3b6005ad5ad6	LTS
6000.0.0b13	21aeb48b6ed2	BETA
2023.2.16f1	7f45223012db	TECH
2023.2.15f1	c5cbb0b314fa	TECH
6000.0.0b12	0ac662189661	BETA
2022.3.22f1	887be4894c44	LTS
6000.0.0b11	a707ca4efec4	BETA
2023.2.14f1	eeca29774eb5	TECH
2023.2.13f1	70197a359f36	TECH
2023.3.0b10	52ddac442a2c	BETA
2021.3.36f1	7a0645017be0	LTS
2022.3.21f1	bf09ca542b87	LTS
2023.2.12f1	19eeb3b320af	TECH
2023.3.0b9	4371b5ae256e	BETA
2023.2.11f1	6a1e21c61430	TECH
2023.3.0b8	797f6d768418	BETA
2023.2.10f1	316c1fd686f6	TECH
2022.3.20f1	61c2feb0970d	LTS
2023.3.0b7	ebadad6d577d	BETA
2023.3.0b6	4ca2224a582d	BETA
2023.2.9f1	0c9c2e1f4bef	TECH
2021.3.35f1	157b46ce122a	LTS
2022.3.19f1	244b723c30a6	LTS
2023.3.0b5	30acc77e9b6b	BETA
2023.2.8f1	a3bb09f8c8c4	TECH
2023.2.7f1	0a9195b3d453	TECH
2023.3.0b4	2cd31b2a2ee2	BETA
2022.3.18f1	d29bea25151d	LTS
2023.2.6f1	57daeefc879b	TECH
2023.3.0b3	205c101ad8b5	BETA
2023.3.0b2	3cbab67d3b60	BETA
2021.3.34f1	25266724e7bd	LTS
2022.3.17f1	4fc78088f837	LTS
2023.2.5f1	381b4941466e	TECH
2023.3.0b1	8ec5c23b39da	BETA
2023.2.4f1	3a7eb0602d92	TECH
2022.3.16f1	d2c21f0ef2f1	LTS
2023.3.0a18	e3034a5f8cf5	ALPHA
2023.2.3f1	21747dafc6ee	TECH
2023.3.0a17	771c7abb2095	ALPHA
2022.3.15f1	b58023a2b463	LTS
2023.2.2f1	dfe9eb92cac5	TECH
2023.3.0a16	98f6a77c9a64	ALPHA
2021.3.33f1	ee5a2aa03ab2	LTS
2023.2.1f1	a6dd9a634651	TECH
2022.3.14f1	eff2de9070d8	LTS
2023.3.0a15	88af49042196	ALPHA
2023.2.0f1	d0d63d039a6f	TECH
2023.3.0a14	d34fa7f1f506	ALPHA
2023.1.20f1	35a524b12060	TECH
2022.3.13f1	5f90a5ebde0f	LTS
2023.3.0a13	b2bd7e935bab	ALPHA
2023.2.0b17	1d22bd928c99	BETA
2021.3.32f1	3b9dae9532f5	LTS
2023.2.0b16	d39c1e9d3b7c	BETA
2023.3.0a12	3268c45751a1	ALPHA
2023.1.19f1	629111e352bc	TECH
2023.3.0a11	e6d77d26a287	ALPHA
2023.2.0b15	15a9bbc571bd	BETA
2022.3.12f1	4fe6e059c7ef	LTS
2023.1.18f1	2b639e48c919	TECH
2023.1.17f1	b84c4024cd38	TECH
2023.2.0b14	fd51e285237d	BETA
2023.3.0a10	c9b099e3345e	ALPHA
2023.2.0b13	63f2fd4b421b	BETA
2022.3.11f1	d00248457e15	LTS
2023.2.0b12	be2f497b8ec3	BETA
2023.3.0a8	aef773e5a80b	ALPHA
2023.1.16f1	e5ad54273a6f	TECH
2021.3.31f1	3409e2af086f	LTS
2023.2.0b11	fbd28bb1e682	BETA
2023.1.15f1	831263a4172c	TECH
2023.3.0a6	db70364f4159	ALPHA
2023.2.0b10	05d5ea1cf873	BETA
2023.3.0a7	6d01b6bf703e	ALPHA
2023.1.14f1	9492f7722ddd	TECH
2022.3.10f1	ff3792e53c62	LTS
2023.2.0b9	130cc5e39ab5	BETA
2023.3.0a5	184a44300b92	ALPHA
2023.1.13f1	ffeab063bb93	TECH
2023.2.0b8	b31568ca179a	BETA
2023.3.0a4	91240e4c088b	ALPHA
2023.1.12f1	38370f5b2257	TECH
2022.3.9f1	ea401c316338	LTS
2023.3.0a3	763b75665f18	ALPHA
2023.1.11f1	fbf46ad88f3d	TECH
2023.2.0b7	0d37d648047c	BETA
2021.3.30f1	b4360d7cdac4	LTS
2023.2.0b6	ae7cc5a95f70	BETA
2022.3.8f1	b5eafc012955	LTS
2023.1.10f1	661833f8c66c	TECH
2023.2.0b5	da89774450b8	BETA
2023.1.9f1	f3f94c8cdc49	TECH
2023.2.0b4	f15431dc5dc1	BETA
2023.1.8f1	ab88ac34d80c	TECH
2022.3.7f1	b16b3b16c7a0	LTS
2023.2.0b3	177e3326dc38	BETA
2023.1.7f1	4f4e359ec3fc	TECH
2022.3.6f1	b9e6e7e9fa2d	LTS
2023.2.0b2	a6205b751ac1	BETA
2023.1.6f1	964b2488c462	TECH
2021.3.29f1	204d6dc9ae1c	LTS
2023.2.0b1	6b722948c981	BETA
2023.1.5f1	9dce81d9e7e0	TECH
2022.3.5f1	9674261d40ee	LTS
2023.1.4f1	611a2ee54063	TECH
2023.2.0a22	6c8dc80eafdf	ALPHA
2023.1.3f1	e00e24c187a5	TECH
2021.3.28f1	232e59c3f087	LTS
2023.1.2f1	e348e726afe7	TECH
2022.3.4f1	35713cd46cd7	LTS
2023.2.0a20	a71a2c8974e3	ALPHA
2022.3.3f1	7cdc2969a641	LTS
2023.1.1f1	46620eadcc07	TECH
2023.2.0a19	cab10490cda3	ALPHA
2022.3.2f1	d74737c6db50	LTS
2023.1.0f1	a008fa768e6c	TECH
2021.3.27f1	ca3ffb99bcc6	LTS
2023.2.0a18	6ece69ab7d2d	ALPHA
2023.1.0b20	e52d526c8914	BETA
2022.3.1f1	f18e0c1b5784	LTS
2023.1.0b19	3694611ed472	BETA
2023.2.0a17	0c0af4eccc76	ALPHA
2022.3.0f1	fb119bb0b476	LTS
2021.3.26f1	a16dc32e0ff2	LTS
2023.2.0a16	bf93f668ecf4	ALPHA
2023.1.0b18	5823d77fe92a	BETA
2022.2.21f1	4907324dc95b	TECH
2022.2.20f1	c5d806317f84	TECH
2023.2.0a15	e4d2a7e41f40	ALPHA
2020.3.48f1	b805b124c6b7	LTS
2023.1.0b17	b4ceadc1ee4d	BETA
2021.3.25f1	68ef2c4f8861	LTS
2022.2.19f1	765657fe9343	TECH
2023.1.0b16	54d4e608cabd	BETA
2023.2.0a14	4b5982e72917	ALPHA
2023.1.0b15	e19d44583b27	BETA
2022.2.18f1	5ebc6493a86f	TECH
2023.2.0a13	94f2ddf3d15d	ALPHA
2022.2.17f1	54cb9bda89c4	TECH
2021.3.24f1	cf10dcf7010d	LTS
2023.2.0a12	37c908b5e9a5	ALPHA
2023.1.0b14	3321931063a3	BETA
2023.2.0a11	73bfca82bf31	ALPHA
2023.1.0b13	1ded5e7d1e7e	BETA
2022.2.16f1	d535843d11e1	TECH
2021.3.23f1	213b516bf396	LTS
2022.2.15f1	30d813e1a2a9	TECH
2023.2.0a10	67f0519c7f6d	ALPHA
2023.1.0b12	8a4a42a7da8d	BETA
2022.2.14f1	b2c9b1ac6cc0	TECH
2023.2.0a9	d3d5906d5d19	ALPHA
2020.3.47f1	5ef4f5b5e2d4	LTS
2023.1.0b11	d7a57a783dcc	BETA
2022.2.13f1	5f5de2657605	TECH
2021.3.22f1	b6c551784ba3	LTS
2023.1.0b10	4d1d37b14308	BETA
2023.2.0a8	e6a13e8d7268	ALPHA
2023.2.0a7	954df492642e	ALPHA
2022.2.12f1	022dac4955a3	TECH
2023.1.0b9	824d2f8c920d	BETA
2023.2.0a6	5de4d4fd9e52	ALPHA
2023.1.0b8	9965205505b4	BETA
2021.3.21f1	1b156197d683	LTS
2022.2.11f1	621cd60d08fd	TECH
2022.2.10f1	bcebec703747	TECH
2020.3.46f1	18bc01a066b4	LTS
2023.1.0b7	9a9d9bca6c0f	BETA
2022.2.9f1	1cc571a6ec95	TECH
2021.3.20f1	577897200b8b	LTS
2023.1.0b6	daa119e0d698	BETA
2022.2.8f1	996aee41dc57	TECH
2023.1.0b5	871459cee6a0	BETA
2021.3.19f1	c9714fde33b6	LTS
2023.1.0b4	ca6fe2f8dde4	BETA
2022.2.7f1	8331acaee5d3	TECH
2020.3.45f1	660cd1701bd5	LTS
2022.2.6f1	10bfa6201ced	TECH
2023.1.0b3	812fe9b8f2ae	BETA
2021.3.18f1	3129e69bc0c7	LTS
2023.1.0b2	691c19707f2b	BETA
2022.2.5f1	551d45108343	TECH
2022.2.4f1	8216e0211249	TECH
2023.1.0b1	88c7b636347d	BETA
2021.3.17f1	3e8111cac19d	LTS
2022.2.3f1	55531d7fa82e	TECH
2023.1.0a26	dcd63ccf73a0	ALPHA
2020.3.44f1	7f159b6136da	LTS
2023.1.0a25	eac607654885	ALPHA
2022.2.2f1	c93c5d3acf5b	TECH
2023.1.0a24	10189f8671a4	ALPHA
2020.3.43f1	75bff06b76bf	LTS
2021.3.16f1	4016570cf34f	LTS
2023.1.0a23	7d24041b62ee	ALPHA
2022.2.1f1	4fead5835099	TECH
2023.1.0a22	32d708bf1113	ALPHA
2022.2.0f1	35dcd44975df	TECH
2022.1.24f1	709dddfb713f	TECH
2021.3.15f1	e8e88683f834	LTS
2023.1.0a21	1e5025d78c0b	ALPHA
2023.1.0a20	be935afddb32	ALPHA
2022.2.0b16	3c3b3e6cd1d7	BETA
2023.1.0a19	0c2ff406cf78	ALPHA
2021.3.14f1	eee1884e7226	LTS
2020.3.42f1	7ade1201f527	LTS
2022.1.23f1	9636b062134a	TECH
2022.2.0b15	dcee0ac87afa	BETA
2023.1.0a18	14fa785aa82f	ALPHA
2022.1.22f1	6b6e9fc2adda	TECH
2022.2.0b14	0220fa099330	BETA
2021.3.13f1	9e7d58001ecf	LTS
2023.1.0a17	46a0ffde8d17	ALPHA
2023.1.0a16	4a28b8b54318	ALPHA
2022.1.21f1	9ac1ff5ca45b	TECH
2022.2.0b13	458a6ada3646	BETA
2021.3.12f1	8af3c3e441b1	LTS
2023.1.0a15	0b25568d7b8c	ALPHA
2020.3.41f1	7c19dc9acfda	LTS
2022.2.0b12	9fe227c56629	BETA
2022.2.0b11	fbf253239670	BETA
2023.1.0a14	5d017097e366	ALPHA
2022.1.20f1	01d83b40d570	TECH
2023.1.0a13	fc04da902fb9	ALPHA
2022.2.0b10	23300ef499b2	BETA
2022.1.19f1	2fd7b40534d1	TECH
2022.1.18f1	8a091f9adba4	TECH
2021.3.11f1	0a5ca18544bf	LTS
2022.2.0b9	57355023f65f	BETA
2023.1.0a12	027fabe8ceea	ALPHA
2020.3.40f1	ba48d4efcef1	LTS
2023.1.0a11	9d0077bf9ef1	ALPHA
2022.1.17f1	2d349551e475	TECH
2021.3.10f1	1c7d0df0160b	LTS
2020.3.39f1	fd6670bb8be9	LTS
2023.1.0a10	ce8bd7b0b232	ALPHA
2022.2.0b8	9eb452e2ea43	BETA
2022.1.16f1	7321c9670bc2	TECH
2023.1.0a9	b67b5a2b1f70	ALPHA
2021.3.9f1	ad3870b89536	LTS
2022.2.0b7	5377bbb3b245	BETA
2022.1.15f1	42973686a05c	TECH
2022.2.0b6	5fe4a079b448	BETA
2022.2.0b5	0a82f742adb8	BETA
2022.1.14f1	ff7e140968b4	TECH
2023.1.0a6	aed7b1f8b821	ALPHA
2020.3.38f1	8f5fde82e2dc	LTS
2023.1.0a5	8123519e1968	ALPHA
2022.1.13f1	22856944e6d2	TECH
2021.3.8f1	b30333d56e81	LTS
2022.1.12f1	916d9c03b898	TECH
2022.2.0b4	ecac8c2f6be0	BETA
2022.2.0b3	1c1655cf6daa	BETA
2021.3.7f1	24e8595d6d43	LTS
2022.1.11f1	09bebd6e9324	TECH
2023.1.0a4	77dfbc7234b7	ALPHA
2022.2.0b2	2ded343d789c	BETA
2020.3.37f1	8c66806a0c04	LTS
2022.1.10f1	9aa0f82c4f96	TECH
2022.1.9f1	07e076b6d414	TECH
2022.2.0b1	d791230a58d5	BETA
2021.3.6f1	7da38d85baf6	LTS
2022.1.8f1	2961e8c2b463	TECH
2022.2.0a18	e38c507fabd4	ALPHA
2022.1.7f1	240f4c1f462c	TECH
2022.1.6f1	e49a51cf6290	TECH
2021.3.5f1	40eb3a945986	LTS
2019.4.40f1	ffc62b691db5	LTS
2022.2.0a17	c618d34d8bb9	ALPHA
2020.3.36f1	71f96b79b9f0	LTS
2022.1.5f1	feea5ec8f162	TECH
2022.2.0a16	17114ee23d5f	ALPHA
2022.1.4f1	76dd1f94b339	TECH
2022.1.3f1	1cedbfe38737	TECH
2021.3.4f1	cb45f9cae8b7	LTS
2020.3.35f1	18e4db7a9996	LTS
2022.1.2f1	9427c1534183	TECH
2021.3.3f1	af2e63e8f9bd	LTS
2022.1.1f1	53d13f540f71	TECH
2022.2.0a13	e3635d035403	ALPHA
2019.4.39f1	78d14dfa024b	LTS
2022.1.0f1	369b620af41c	TECH
2022.2.0a12	6dc2c1c4a088	ALPHA
2021.3.2f1	d6360bedb9a0	LTS
2020.3.34f1	9a4c9c70452b	LTS
2022.2.0a11	b2a98451e612	ALPHA
2021.3.1f1	3b70a0754835	LTS
2022.2.0a10	2849b868ceb7	ALPHA
2019.4.38f1	fdbb7325fa47	LTS
2022.1.0b16	098023fe5c31	BETA
2021.3.0f1	6eacc8284459	LTS
2020.3.33f1	915a7af8b0d5	LTS
2022.1.0b15	bd19778aae62	BETA
2021.2.19f1	602ecdbb2fb0	TECH
2022.2.0a9	fbbd3cf564e5	ALPHA
2021.2.18f1	0c6e675195cf	TECH
2022.1.0b14	eb6fa39764cb	BETA
2021.2.17f1	efb8f635e7b1	TECH
2020.3.32f1	12f8b0834f07	LTS
2019.4.37f1	019e31cfdb15	LTS
2022.1.0b13	f4c22ff55020	BETA
2020.3.31f1	6b54b7616050	LTS
2021.2.16f1	559fc0ec6670	TECH
2022.1.0b12	8e270da1aa5c	BETA
2021.2.15f1	3b8567f665bb	TECH
2022.1.0b11	9aaa156c3014	BETA
2021.2.14f1	bcb93e5482d2	TECH
2022.1.0b10	ae8cd2bb2a22	BETA
2020.3.30f1	1fb1bf06830e	LTS
2021.2.13f1	90b6766da538	TECH
2022.1.0b9	a43aced8177f	BETA
2021.2.12f1	48b1aa000234	TECH
2019.4.36f1	660c164b2fc5	LTS
2020.3.29f1	2ff179115da0	LTS
2022.1.0b8	cca363eec1bc	BETA
2021.2.11f1	e50cafbb4399	TECH
2020.3.28f1	f5400f52e03f	LTS
2022.1.0b7	c0c678b963f4	BETA
2022.1.0b6	0c945167f89c	BETA
2021.2.10f1	ee872746220e	TECH
2020.3.27f1	e759542391ea	LTS
2019.4.35f1	0462406dff2e	LTS
2022.1.0b5	9f5ac7cea48f	BETA
2021.2.9f1	921b45a28ab6	TECH
2022.1.0b4	0b1e54378c16	BETA
2020.3.26f1	7298b473bc1a	LTS
2021.2.8f1	d0e5f0a7b06a	TECH
2022.1.0b3	169963e3b543	BETA
2020.3.25f1	9b9180224418	LTS
2021.2.7f1	6bd9e232123f	TECH
2019.4.34f1	6a9faed444f2	LTS
2022.1.0b2	980041f98dd2	BETA
2021.2.6f1	8c4e826ba445	TECH
2022.1.0b1	ea0f0219deed	BETA
2020.3.24f1	79c78de19888	LTS
2021.2.5f1	4ec9a5e799f5	TECH
2022.1.0a16	603c2cfd9276	ALPHA
2019.4.33f1	c9b2b02eeeef	LTS
2021.2.4f1	99ba6aa4c552	TECH
2020.3.23f1	c5d91304a876	LTS
2022.1.0a15	49120632d05b	ALPHA
2021.2.3f1	32358a8527b4	TECH
2021.2.2f1	5e2b1e92c7f8	TECH
2020.3.22f1	e1a7f79fd887	LTS
2021.1.28f1	f3f9dc10f3dd	TECH
2021.2.1f1	c20c6d589440	TECH
2019.4.32f1	f88bf0bee961	LTS
2022.1.0a13	5a5aca0fb632	ALPHA
2021.1.27f1	7e296a84045d	TECH
2021.2.0f1	4bf1ec4b23c9	TECH
2020.3.21f1	a38c86f6690f	LTS
2021.1.26f1	6f076387c01d	TECH
2021.1.25f1	b6f2b893ea32	TECH
2022.1.0a12	816252c3efbb	ALPHA
2021.2.0b16	edbc0738c91b	BETA
2020.3.20f1	41c4e627c95f	LTS
2021.1.24f1	6667702a1e7c	TECH
2022.1.0a11	ae01f5fb527d	ALPHA
2021.2.0b15	b1c7ce145b7d	BETA
2022.1.0a10	48c8cfa2acec	ALPHA
2021.2.0b14	bf4dfffaa8cd	BETA
2021.1.23f1	b50729e604a9	TECH
2019.4.31f1	bd5abf232a62	LTS
2022.1.0a9	5a1ba9fbc92d	ALPHA
2020.3.19f1	68f137dc9bbe	LTS
2021.2.0b13	94c1109a0557	BETA
2021.1.22f1	a137e5fb0427	TECH
2021.2.0b12	8137c0cefaf0	BETA
2022.1.0a8	a6d7f27874c0	ALPHA
2021.1.21f1	f2d5d3c59f8c	TECH
2020.3.18f1	a7d1c678663c	LTS
2021.1.20f1	be552157821d	TECH
2021.2.0b11	0bffbba03cb9	BETA
2022.1.0a7	c277161121c6	ALPHA
2021.2.0b10	b31a071b0ce1	BETA
2019.4.30f1	e8c891080a1f	LTS
2021.1.19f1	5f5eb8bbdc25	TECH
2020.3.17f1	a4537701e4ab	LTS
2021.1.18f1	25bdc3efbc2d	TECH
2021.2.0b9	162b5e238388	BETA
2021.2.0b8	3fad0faf7e71	BETA
2021.1.17f1	03b40fe07a36	TECH
2020.3.16f1	049d6eca3c44	LTS
2021.2.0b7	f7def5121c60	BETA
2021.2.0b6	2055a14f48ed	BETA
2021.2.0b5	c11a42e94ab9	BETA
2021.1.16f1	5fa502fca597	TECH
2020.3.15f2	6cf78cb77498	LTS
2019.4.29f1	0eeae20b1d82	LTS
2020.3.15f1	5e502cb56e17	LTS
2021.2.0b4	af9ec38f7da3	BETA
2021.1.15f1	e767a7370072	TECH
2020.3.14f1	d0d1bb862f9d	LTS
2021.2.0b3	bb7e34618385	BETA
2021.1.14f1	51d2f824827f	TECH
2021.2.0b2	d86242d513ba	BETA
2020.3.13f1	71691879b7f5	LTS
2021.1.13f1	a03098edbbe0	TECH
2021.2.0b1	b0978dae4864	BETA
2018.4.36f1	6cd387d23174	LTS
2021.1.12f1	afcadd793de6	TECH
2020.3.12f1	b3b2c6512326	LTS
2021.2.0a21	75138d5880a6	ALPHA
2021.1.11f1	4d8c25f7477e	TECH
2021.2.0a20	0bd21e314fca	ALPHA
2019.4.28f1	1381962e9d08	LTS
2021.1.10f1	b15f561b2cef	TECH
2021.2.0a19	f81c6ad18371	ALPHA
2020.3.11f1	99c7afb366b3	LTS
2021.1.9f1	7a790e367ab3	TECH
2020.3.10f1	297d780c91bc	LTS
2019.4.27f1	23dc10685eb4	LTS
2020.3.9f1	108be757e447	LTS
2021.1.7f1	d91830b65d9b	TECH
2020.3.8f1	507919d4fff5	LTS
2021.2.0a17	96ee4da88f82	ALPHA
2018.4.35f1	dbb5675dce2d	LTS
2021.1.6f1	c0fade0cc7e9	TECH
2019.4.26f1	e0392c6b2363	LTS
2020.3.7f1	dd97f2c94397	LTS
2021.2.0a16	663b19a0829e	ALPHA
2020.3.6f1	338bb68529b2	LTS
2021.2.0a15	37767e16dc73	ALPHA
2021.1.5f1	3737af19df53	TECH
2019.4.25f1	01a0494af254	LTS
2021.1.4f1	4cd64a618c1b	TECH
2021.2.0a14	462ae11b66db	ALPHA
2020.3.5f1	8095aa901b9b	LTS
2018.4.34f1	ae2afac172fb	LTS
2021.2.0a13	71a161db37e2	ALPHA
2020.3.4f1	0abb6314276a	LTS
2021.1.3f1	4bef613afd59	TECH
2019.4.24f1	5da6f0345e82	LTS
2020.3.3f1	76626098c1c4	LTS
2021.1.2f1	e5d502d80fbb	TECH
2021.2.0a12	687b3b92c1e8	ALPHA
2021.2.0a11	7e28cd2d801e	ALPHA
2021.1.1f1	6fdc41dfa55a	TECH
2020.3.2f1	8fd9074bf66c	LTS
2021.2.0a10	b8c2bb7e8b36	ALPHA
2018.4.33f1	d75f7e9df24c	LTS
2019.4.23f1	3f4e01f1a5ec	LTS
2020.3.1f1	77a89f25062f	LTS
2021.1.0f1	61a549675243	TECH
2021.2.0a9	5be3997fdbde	ALPHA
2021.1.0b12	5f97ac28ace0	BETA
2020.3.0f1	c7b5465681fb	LTS
2021.1.0b11	ddf8e7a924bd	BETA
2019.4.22f1	9fdda2fe27ad	LTS
2021.2.0a8	05e6d22b19f7	ALPHA
2021.1.0b10	b27f69638034	BETA
2020.2.7f1	c53830e277f1	TECH
2021.2.0a6	dc497bf8326a	ALPHA
2021.1.0b8	4a0a5fc962a9	BETA
2019.4.21f1	b76dac84db26	LTS
2020.2.6f1	8a2143876886	TECH
2020.2.5f1	e2c53f129de5	TECH
2018.4.32f1	fba45da84107	LTS
2021.2.0a5	4a734693b889	ALPHA
2021.1.0b7	02180fe17a0e	BETA
2020.2.4f1	becced5a802b	TECH
2019.4.20f1	6dd1c08eedfa	LTS
2021.1.0b6	4f6b2ade48ff	BETA
2020.2.3f1	8ff31bc5bf5b	TECH
2021.1.0b5	37f46e59aab7	BETA
2019.4.19f1	ca5b14067cec	LTS
2021.1.0b4	6d90c0720bd4	BETA
2018.4.31f1	212ea663d844	LTS
2020.2.2f1	068178b99f32	TECH
2021.1.0b3	202fb86be42c	BETA
2021.1.0b2	1e651ea6a5c1	BETA
2019.4.18f1	3310a4d4f880	LTS
2020.2.1f1	270dd8c3da1c	TECH
2021.1.0b1	9f7c487dd2da	BETA
2019.4.17f1	667c8606c536	LTS
2020.2.0f1	3721df5a8b28	TECH
2021.1.0a9	18321e85013a	ALPHA
2020.1.17f1	9957aee8edc2	TECH
2020.2.0b14	dc0b50340a64	BETA
2021.1.0a8	824e91d155c5	ALPHA
2019.4.16f1	e05b6e02d63e	LTS
2018.4.30f1	c698a062d8e6	LTS
2020.1.16f1	f483ad6465d6	TECH
2021.1.0a7	fdd63b12dbc0	ALPHA
2020.2.0b13	655e1a328b90	BETA
2020.1.15f1	97d0ae02d19d	TECH
2020.2.0b12	92852ae685d8	BETA
2020.1.14f1	d81f64f5201d	TECH
2019.4.15f1	fbf367ac14e9	LTS
2021.1.0a5	0878d20e0f3c	ALPHA
2021.1.0a6	0722b711ea8f	ALPHA
2020.2.0b11	c499c2bf2e80	BETA
2018.4.29f1	50cce2edf27f	LTS
2020.1.13f1	5e24f28bfbc0	TECH
2019.4.14f1	4037e52648cd	LTS
2020.2.0b10	19f63eee530c	BETA
2021.1.0a4	7d39c812e75a	ALPHA
2020.1.12f1	55b56f0a86e3	TECH
2020.2.0b9	ef2968fa77ae	BETA
2020.1.11f1	698c1113cef0	TECH
2020.2.0b8	dff91d65251a	BETA
2021.1.0a2	37c5ec4c3cb1	ALPHA
2019.4.13f1	518737b1de84	LTS
2020.1.10f1	974a9d56f159	TECH
2020.2.0b7	1b1252580c64	BETA
2020.1.9f1	145f5172610f	TECH
2020.2.0b6	24a0f8b56f72	BETA
2019.4.12f1	225e826a680e	LTS
2020.1.8f1	22e8c0b0c3ec	TECH
2018.4.28f1	a2d4f71491a4	LTS
2020.2.0b5	e2067236bd5c	BETA
2020.1.7f1	064ffcdb64ad	TECH
2020.2.0b4	7b778e331e0b	BETA
2019.4.11f1	2d9804dddde7	LTS
2020.1.6f1	fc477ca6df10	TECH
2019.4.10f1	5311b3af6f69	LTS
2020.1.5f1	e025938fdedc	TECH
2020.2.0b2	90b2443a8df1	BETA
2018.4.27f1	4e283b7d3f88	LTS
2020.2.0b1	4ae7c5e87f33	BETA
2020.1.4f1	fa717bb873ec	TECH
2019.4.9f1	50fe8a171dd9	LTS
2020.1.3f1	cf5c4788e1d8	TECH
2020.2.0a21	3e0d5f775006	ALPHA
2019.4.8f1	60781d942082	LTS
2018.4.26f1	a7ac1c6396db	LTS
2020.1.2f1	7b32bc54ba47	TECH
2019.4.7f1	e992b1a16e65	LTS
2020.1.1f1	2285c3239188	TECH
2019.4.6f1	a7aea80e3716	LTS
2020.2.0a19	8037ac78137e	ALPHA
2019.4.5f1	81610f64359c	LTS
2020.1.0f1	2ab9c4179772	TECH
2020.2.0a18	4f8709444da6	ALPHA
2019.4.4f1	1f1dac67805b	LTS
2018.4.25f1	b07bfa0a8827	LTS
2020.1.0b16	70ea0f8c4a3c	BETA
2019.4.3f1	f880dceab6fe	LTS
2020.1.0b15	40d9420e7de8	BETA
2020.2.0a17	7a5530473e9d	ALPHA
2018.4.24f1	3071911a89e9	LTS
2019.4.2f1	20b4642a3455	LTS
2020.2.0a16	5a1f66dd0d56	ALPHA
2020.1.0b14	69bacbd35688	BETA
2019.4.1f1	e6c045e14e4e	LTS
2020.2.0a15	86048ae4b4bd	ALPHA
2020.1.0b13	3682d55b6e87	BETA
2020.1.0b12	9e6726e6ce12	BETA
2019.4.0f1	0af376155913	LTS
2020.1.0b11	de513167607b	BETA
2020.2.0a13	542ff463470b	ALPHA
2019.3.15f1	59ff3e03856d	TECH
2020.1.0b10	d80b47d1592d	BETA
2020.2.0a12	a331b04b65b8	ALPHA
2020.1.0b9	9c0aec301c8d	BETA
2019.3.14f1	2b330bf6d2d8	TECH
2020.2.0a11	d00a9d9791a8	ALPHA
2018.4.23f1	c9cf1a90e812	LTS
2017.4.40f1	6e14067f8a9a	LTS
2019.3.13f1	d4ddf0d95db9	TECH
2020.2.0a10	11fb376d50c9	ALPHA
2020.1.0b8	726fc0bca2bc	BETA
2019.3.12f1	84b23722532d	TECH
2020.2.0a9	31beeaab9d72	ALPHA
2020.1.0b7	6cfebb967dcd	BETA
2018.4.22f1	3362ffbb7aa1	LTS
2020.1.0b6	255abb3234f8	BETA
2020.2.0a8	8b7e7268f9f8	ALPHA
2019.3.11f1	ceef2d848e70	TECH
2019.3.10f1	5968d7f82152	TECH
2020.2.0a7	cea774d83c47	ALPHA
2018.4.21f1	fd3915227633	LTS
2020.1.0b5	f017efceb459	BETA
2019.3.9f1	e6e740a1c473	TECH
2019.3.8f1	4ba98e9386ed	TECH
2017.4.39f1	947131c5be7e	LTS
2020.1.0b4	7e2ed8c1221a	BETA
2019.3.7f1	6437fd74d35d	TECH
2018.4.20f1	008688490035	LTS
2020.1.0b3	6955a944264e	BETA
2017.4.38f1	82ac2fb100ce	LTS
2019.3.6f1	5c3fb0a11183	TECH
2020.1.0b2	14d43bf8b596	BETA
2018.4.19f1	459f70f82ea4	LTS
2019.3.5f1	d691e07d38ef	TECH
2020.1.0b1	92a30bddf81d	BETA
2019.3.4f1	4f139db2fdbd	TECH
2020.1.0a25	301553012d38	ALPHA
2018.4.18f1	61fce66342ad	LTS
2019.3.3f1	7ceaae5f7503	TECH
2020.1.0a24	1f86fad89a55	ALPHA
2019.3.2f1	c46a3a38511e	TECH
2017.4.37f1	78b69503ebc4	LTS
2020.1.0a23	607f55d6e9ce	ALPHA
2019.3.1f1	89d6087839c2	TECH
2018.4.17f1	b830f56f42f0	LTS
2019.2.21f1	9d528d026557	TECH
2020.1.0a22	17d4c89d06f9	ALPHA
2019.2.20f1	c67d00285037	TECH
2020.1.0a21	4ea9a24ebde1	ALPHA
2018.4.16f1	e6e9ca02b32a	LTS
2019.3.0f6	27ab2135bccf	TECH
2020.1.0a20	019325219793	ALPHA
2019.2.19f1	929ab4d01772	TECH
2020.1.0a19	6995b659db2e	ALPHA
2019.2.18f1	bbf64de26e34	TECH
2019.3.0f5	44796c9d3c2c	TECH
2017.4.36f1	c663def8414c	LTS
2018.4.15f1	13f5a1bf9ca1	LTS
2020.1.0a18	630f9adc3455	ALPHA
2020.1.0a17	ccc6f9131a63	ALPHA
2019.2.17f1	8e603399ca02	TECH
2019.2.16f1	b9898e2d04a4	TECH
2020.1.0a16	196f78887a11	ALPHA
2019.3.0f3	6c9e2bfd6f81	TECH
2018.4.14f1	05119b33d0b7	LTS
2017.4.35f1	e57a7bcbbf0b	LTS
2020.1.0a15	c34b21e125d7	ALPHA
2019.2.15f1	dcb72c2e9334	TECH
2019.2.14f1	49dd4e9fa428	TECH
2019.3.0f1	ffacea4b84e7	TECH
2019.3.0b12	e0f9cf1b1aee	BETA
2020.1.0a14	2a3307d3869b	ALPHA
2018.4.13f1	497f083a43af	LTS
2019.2.13f1	e20f6c7e5017	TECH
2020.1.0a13	dce830042a25	ALPHA
2019.3.0b11	1781308d0868	BETA
2019.2.12f1	b1a7e1fb4fa5	TECH
2020.1.0a12	40e46701fee5	ALPHA
2019.3.0b10	7955ac590a97	BETA
2019.3.0b9	de32b4c0dd7a	BETA
2019.2.11f1	5f859a4cfee5	TECH
2020.1.0a11	ccf51fff0e6a	ALPHA
2017.4.34f1	121f18246307	LTS
2018.4.12f1	59ddc4c59b4f	LTS
2019.2.10f1	923acd2d43aa	TECH
2019.3.0b8	7eb5456f98b4	BETA
2020.1.0a9	3ca10380fd3b	ALPHA
2019.3.0b7	9946d7a66754	BETA
2019.2.9f1	ebce4d76e6e8	TECH
2018.4.11f1	7098af2f11ea	LTS
2020.1.0a8	a932f1074310	ALPHA
2017.4.33f1	a8557a619e24	LTS
2019.3.0b6	0612c96692fb	BETA
2019.2.8f1	ff5b465c8d13	TECH
2020.1.0a7	d3d2f5b1d33e	ALPHA
2018.4.10f1	a0470569e97b	LTS
2019.2.7f2	c96f78eb5904	TECH
2019.3.0b5	13eef430e0c9	BETA
2020.1.0a5	8af4c0145d29	ALPHA
2019.3.0b4	3271e9fc5036	BETA
2019.2.6f1	fe82a0e88406	TECH
2018.4.9f1	ca372476eaba	LTS
2019.2.5f1	9dace1eed4cc	TECH
2019.3.0b3	d0377b9426dc	BETA
2019.3.0b2	0c8fb71b3dfb	BETA
2020.1.0a3	a37e4d4d532f	ALPHA
2019.2.4f1	c63b2af89a85	TECH
2017.4.32f1	4da3ed968770	LTS
2018.4.8f1	9bc9d983d803	LTS
2019.2.3f1	8e55c27a4621	TECH
2019.3.0b1	78e106a973e1	BETA
2019.2.2f1	ab112815d860	TECH
2018.4.7f1	b9a993fd1334	LTS
2019.2.1f1	ca4d5af0be6f	TECH
2019.3.0a12	b073d123dd5d	ALPHA
2018.4.6f1	cde1bbcc9f0d	LTS
2019.1.14f1	148b5891095a	TECH
2017.4.31f1	9c8dbc3421cb	LTS
2019.1.13f1	b5956c0a61e7	TECH
2019.3.0a11	6fa9444d8a5d	ALPHA
2019.2.0f1	20c1667945cf	TECH
2019.1.12f1	f04f5427219e	TECH
2018.4.5f1	7b38f8ac282e	LTS
2019.3.0a10	d046aa12c0d7	ALPHA
2019.2.0b10	54f9b0ad4ba4	BETA
2019.1.11f1	9b001d489a54	TECH
2018.4.4f1	5440768ff61c	LTS
2019.1.10f1	f007ed779b7a	TECH
2019.2.0b9	eabe87e2a246	BETA
2017.4.30f1	c6fa43736cae	LTS
2019.1.9f1	d5f1b37da199	TECH
2019.3.0a8	8ea4afdbfa47	ALPHA
2018.4.3f1	8a9509a5aff9	LTS
2019.3.0a7	5a4bb929feff	ALPHA
2019.2.0b7	87c9ecb96495	BETA
2019.1.8f1	7938dd008a75	TECH
2019.3.0a6	8709ed9302b4	ALPHA
2019.1.7f1	f3c4928e5742	TECH
2019.2.0b6	2099073aa6fc	BETA
2017.4.29f1	06508aa14ca1	LTS
2018.4.2f1	d6fb3630ea75	LTS
2019.1.6f1	f2970305fe1c	TECH
2019.3.0a5	9aff892fb75b	ALPHA
2019.2.0b5	e3a10156d6de	BETA
2019.1.5f1	0ca0f5646614	TECH
2017.4.28f1	e3a0f7dd2097	LTS
2019.3.0a4	7368acd360f4	ALPHA
2019.2.0b4	243498937c5d	BETA
2018.4.1f1	b7c424a951c0	LTS
2019.1.4f1	ffa3a7a2dd7d	TECH
2019.2.0b3	281ad50da7fd	BETA
2019.3.0a3	91c086393aab	ALPHA
2019.1.3f1	dc414eb9ed43	TECH
2019.2.0b2	ad601490df46	BETA
2019.3.0a2	fa7740529556	ALPHA
2019.1.2f1	3e18427e571f	TECH
2017.4.27f1	0c4b856e4c6e	LTS
2018.4.0f1	b6ffa8986c8d	LTS
2019.2.0b1	18ccf127b486	BETA
2019.1.1f1	fef62e97e63b	TECH
2019.2.0a14	f7ca70490e38	ALPHA
2018.3.14f1	d0e9f15437b1	TECH
2019.2.0a13	7d71eaf2acca	ALPHA
2017.4.26f1	3b349d10f010	LTS
2018.3.13f1	06548a9e9582	TECH
2019.1.0f2	292b93d75a2c	TECH
2019.2.0a11	50bfd5f1a2f4	ALPHA
2019.1.0f1	5c52223b18d4	TECH
2018.3.12f1	8afd630d1f5b	TECH
2017.4.25f1	9cba1c3a94f1	LTS
2019.1.0b10	dbf1e96a8b63	BETA
2018.3.11f1	5063218e4ab8	TECH
2019.1.0b9	f1481f10a935	BETA
2018.3.10f1	f88de2c96e63	TECH
2017.4.24f1	786769fc3439	LTS
2019.2.0a9	3ec61d0c8674	ALPHA
2019.1.0b8	0862b00eb5a3	BETA
2018.3.9f1	947e1ea5aa8d	TECH
2019.1.0b7	8afb02580933	BETA
2019.2.0a8	18a4512f903f	ALPHA
2017.4.23f1	f80c8a98b1b5	LTS
2019.1.0b6	e3cf6cb42b7c	BETA
2018.3.8f1	fc0fe30d6d91	TECH
2019.2.0a7	b5f63d908f8e	ALPHA
2019.1.0b5	9899a5bd7e43	BETA
5.6.7f1	e80cc3114ac1	LTS
2018.2.21f1	a122f5dc316d	TECH
2017.4.22f1	eb4bc6fa7f1d	LTS
2018.3.7f1	9e14d22a41bb	TECH
2019.2.0a6	770171a847a0	ALPHA
2017.4.21f1	de35fe252486	LTS
2019.1.0b4	fd0dda99e05a	BETA
2018.3.6f1	a220877bc173	TECH
2019.1.0b3	52be913b8b36	BETA
2017.4.20f2	413dbd19b6dc	LTS
2018.3.5f1	76b3e37670a4	TECH
2017.4.20f1	20968fa45e51	LTS
2019.2.0a4	2403bdbdd88b	ALPHA
2019.1.0b2	669ada05268b	BETA
2018.3.4f1	1d952368ca3a	TECH
2019.1.0b1	83b3ba1f99df	BETA
2017.4.19f1	47cd37c28be8	LTS
2018.3.3f1	393bae82dbb8	TECH
2018.3.2f1	b3c100a4b73a	TECH
2019.1.0a14	0e6151d5f054	ALPHA
2018.3.1f1	bb579dc42f1d	TECH
2017.4.18f1	a9236f402e28	LTS
2019.1.0a13	3de2277bb0e6	ALPHA
2019.1.0a12	5175bce2e5d4	ALPHA
2018.2.20f1	cef3e6c0c622	TECH
2018.3.0f2	6e9a27477296	TECH
2018.3.0f1	f023c421e164	TECH
2017.2.5f1	588dc79c95ed	TECH
2018.2.19f1	06990f28ba00	TECH
2017.4.17f1	05307cddbb71	LTS
2019.1.0a11	0f106840e011	ALPHA
2018.2.18f1	4550892b6062	TECH
2018.3.0b12	77f6238a7ced	BETA
2019.1.0a10	84f9b5a9b69f	ALPHA
2017.4.16f1	7f7bdd1ef02b	LTS
2018.2.17f1	88933597c842	TECH
2018.3.0b11	45aaf16dbe1a	BETA
2017.2.4p1	4b5b15039f3e	TECH
2018.2.16f1	39a4ac3d51f6	TECH
2019.1.0a9	0acd256790e8	ALPHA
2018.3.0b10	6677d031dfe5	BETA
2017.4.15f1	5d485b4897a7	LTS
2018.2.15f1	65e0713a5949	TECH
2018.3.0b9	a3326ae325b2	BETA
2019.1.0a8	7ae038d0fb32	ALPHA
2019.1.0a7	4474d51790a5	ALPHA
2018.3.0b8	fa755def4b97	BETA
2018.2.14f1	3262fb3b0716	TECH
2017.4.14f1	b28150134d55	LTS
2018.3.0b7	af029f4527e0	BETA
2018.2.13f1	83fbdcd35118	TECH
2018.3.0b6	f5aefbeed0ac	BETA
2018.2.12f1	0a46ddfcfad4	TECH
2017.4.13f1	6902ad48015d	LTS
2018.3.0b5	01088ee0a3a8	BETA
2018.2.11f1	38bd7dec5000	TECH
2018.3.0b4	44012bad7987	BETA
2017.2.4f1	f1557d1f61fd	TECH
2017.4.12f1	b582b87345b1	LTS
2018.2.10f1	674aa5a67ed5	TECH
2018.3.0b3	cc0086a8e10c	BETA
2018.2.9f1	2207421190e9	TECH
2018.3.0b2	21e0e8a5466d	BETA
2018.2.8f1	ae1180820377	TECH
2017.4.11f1	8c6b8ef6d111	LTS
2018.3.0b1	3f0ac31c6d6f	BETA
2018.2.7f1	4ebd28dd9664	TECH
2018.2.6f1	c591d9a97a0b	TECH
2017.2.3p4	2f2d0e6b4eb5	TECH
2018.1.9f2	a6cc294b73ee	TECH
2017.4.10f1	f2cce2a5991f	LTS
2018.2.5f1	3071d1717b71	TECH
2018.2.4f1	cb262d9ddeaf	TECH
2018.2.3f1	1431a7d2ced7	TECH
2017.4.9f1	6d84dfc57ccf	LTS
2017.2.3p3	726d0db4eeac	TECH
2018.2.2f1	c18cef34cbcd	TECH
2017.4.8f1	5ab7f4878ef1	LTS
2018.2.1f1	1a9968d9f99c	TECH
2017.1.5f1	9758a36cfaa6	TECH
2018.1.9f1	24bbd83e8b9e	TECH
2018.1.8f1	26051d4de9e9	TECH
2017.4.7f1	de9eb5ca33c5	LTS
2018.2.0f2	787658998520	TECH
2018.2.0f1	51acc5a75f1e	TECH
2017.2.3p2	21333da13d02	TECH
2018.1.7f1	4cb482063d12	TECH
2018.2.0b11	912020d71ebf	BETA
2018.2.0b10	4bc57476174c	BETA
2017.4.6f1	c24f30193bac	LTS
2018.1.6f1	57cc34175ccf	TECH
2017.1.4p2	490bad3999ec	TECH
2018.2.0b9	3b5ad740cdc8	BETA
2018.1.5f1	732dbf75922d	TECH
2018.2.0b8	fed204371f5a	BETA
2017.1.4p1	644977348e46	TECH
2018.1.4f1	1a308f4ebef1	TECH
2017.4.5f1	89d1db9cb682	LTS
2018.2.0b7	8ce15a37a3ae	BETA
2018.1.3f1	a53ad04f7c7f	TECH
2017.2.3p1	b4bae9093154	TECH
2018.2.0b6	ac34ff94dd0f	BETA
2018.1.2f1	a46d718d282d	TECH
2018.2.0b5	35351042bf9d	BETA
2017.1.4f1	9fd71167a288	TECH
2017.4.4f1	645c9050ba4d	LTS
2017.2.3f1	372229934efd	TECH
2018.1.1f1	b8cbb5de9840	TECH
2018.2.0b4	a3564b9ba417	BETA
2017.4.3f1	21ae32b5a9cb	LTS
5.6.6f2	6bac21139588	LTS
2017.1.3p4	918e58443b8e	TECH
2018.2.0b3	0a6b93065060	BETA
2018.1.0f2	d4d99f31acba	TECH
2017.4.2f2	52d9cb89b362	LTS
2017.2.2p4	a30add86d148	TECH
2018.1.0f1	21784bcc13fa	TECH
2018.2.0b2	96999d86066c	BETA
2018.2.0b1	66642ce3456a	BETA
2017.4.1f1	9231f953d9d3	LTS
5.6.5p4	10861494ddb7	TECH
2017.1.3p3	fc055e6cd68b	TECH
2017.2.2p3	7706f9f606ca	TECH
2018.1.0b13	43de91b8ac41	BETA
2017.2.2p2	32bc645ba6f6	TECH
2018.1.0b12	b4ca90bad6b1	BETA
2017.4.0f1	b5bd171ee9ba	LTS
2018.1.0b11	c5bf62a40d4b	BETA
5.6.5p3	bb37b8531d94	TECH
2017.3.1p4	7f25373c3e03	TECH
2017.2.2p1	31794ac12ad1	TECH
2018.1.0b10	4ec9a3104331	BETA
2017.3.1p3	a66397957d3b	TECH
2017.1.3p2	744dab055778	TECH
2018.1.0b9	36a41ae63f8e	BETA
2017.3.1p2	fd9fec26f216	TECH
2017.2.2f1	1f4e0f9b6a50	TECH
2018.1.0b8	0b50224845b9	BETA
5.6.5p2	02430129007d	TECH
2017.3.1p1	6c5ba423732e	TECH
2018.1.0b7	cfaabe8e4f18	BETA
2017.2.1p4	1992a1ed2d78	TECH
2018.1.0b6	2c4679632cfb	BETA
2017.3.1f1	fc1d3344e6ea	TECH
2017.1.3p1	02d73f71d3bd	TECH
2018.1.0b5	a48da4f646ae	BETA
2017.2.1p3	273860332f50	TECH
2017.3.0p4	25a5860ad58d	TECH
2018.1.0b4	003615bcffde	BETA
5.6.5p1	b5fcd78dd1ab	TECH
2017.3.0p3	bfcbae508940	TECH
2018.1.0b3	e1ef60e69006	BETA
2017.3.0p2	b91e4c5f54ad	TECH
5.5.6f1	3fb31a95adee	LTS
2017.2.1p2	1dc514532f08	TECH
2018.1.0b2	79c3bdce0980	BETA
2017.1.3f1	574eeb502d14	TECH
2017.3.0p1	4596dd67072f	TECH
5.6.5f1	2cac56bf7bb6	LTS
2017.2.1p1	edf5bdf50eb0	TECH
2017.3.0f3	a9f86dcd79df	TECH
2017.2.1f1	94bf3f9e6b5e	TECH
2017.3.0f2	d3a5469e8c44	TECH
2017.1.2p4	d597d0924185	TECH
5.6.4p4	72f24c04957f	TECH
2017.2.0p4	0c3a6a294e34	TECH
2017.3.0f1	b84f5794ed91	TECH
5.5.5p2	371251174a02	TECH
2017.3.0b11	8e840c60cd77	BETA
2017.2.0p3	40117ac43b95	TECH
2017.1.2p3	249a06fbaf10	TECH
2017.3.0b10	d1367129888f	BETA
5.6.4p3	11e8f66cfca7	TECH
2017.2.0p2	dbc2eb12ac98	TECH
5.6.4p2	278fc6850ee0	TECH
2017.3.0b9	e18fe9bb4e54	BETA
2017.2.0p1	24fd82ce573a	TECH
2017.3.0b8	d2b3b1ff7201	BETA
2017.3.0b7	93b5ce6f4b0f	BETA
2017.1.2p2	eba6bfec1bb2	TECH
2017.3.0b6	57ec95547059	BETA
5.6.4p1	e67c4b7007d5	TECH
2017.3.0b5	af76f56822bf	BETA
5.6.4f1	ac7086b8d112	LTS
5.5.5p1	8a9b2336c562	TECH
2017.1.2p1	c2ed782bb21e	TECH
2017.2.0f3	46dda1414e51	TECH
2017.1.1p4	4b0ddcd3f6ad	TECH
2017.3.0b4	4c1b6e48c9c9	BETA
2017.1.2f1	cc85bf6a8a04	TECH
2017.3.0b3	28dc7ce05bb9	BETA
5.5.5f1	d875e6967482	LTS
2017.2.0f2	472de62575d5	TECH
2017.3.0b2	ec6e8c8c3015	BETA
2017.1.1p3	929150d2fa14	TECH
2017.2.0f1	35e55a2a85de	TECH
5.6.3p4	fbe8bd37d7fa	TECH
2017.3.0b1	bc2668834c45	BETA
5.4.6f3	7c5210d1343f	LTS
2017.1.1p2	b8e3f2d6c409	TECH
5.5.4p5	7a1d1547db9c	TECH
2017.2.0b11	614980c52f17	BETA
2017.1.1p1	007fc09e806c	TECH
5.6.3p3	88d4ddf6344a	TECH
2017.2.0b10	6c4d42ddd191	BETA
2017.1.1f1	5d30cf096e79	TECH
5.6.3p2	b3d7a6428558	TECH
5.5.4p4	e92bef0ab5a4	TECH
2017.2.0b9	95ec3a4d5d9d	BETA
2017.1.0p5	de463fc61bac	TECH
2017.2.0b8	c5fc3ca9cbbf	BETA
5.3.8p2	702ec25c6a03	TECH
5.4.5p5	8c4c93a90556	TECH
5.5.4p3	245d8623a674	TECH
5.6.3p1	9c92e827232b	TECH
2017.1.0p4	993b526d98f5	TECH
2017.2.0b7	4bc201a72e4a	BETA
2017.1.0p3	0f0686ba7d25	TECH
2017.2.0b6	b6bf3c071fe7	BETA
5.6.3f1	d3101c3b8468	LTS
2017.2.0b5	9b4733af38e7	BETA
2017.1.0p2	31954117ff6c	TECH
5.5.4p2	9810290216f5	TECH
5.6.2p4	35c1064e76f5	TECH
2017.1.0p1	2f459b492f3c	TECH
2017.2.0b4	0c51d4e28d7f	BETA
5.6.2p3	b95d8ca7b219	TECH
2017.2.0b3	4c2ac554540c	BETA
2017.1.0f3	472613c02cf7	TECH
2017.2.0b2	a9976befbe0f	BETA
5.6.2p2	a53d5f937d71	TECH
2017.1.0f2	66e9e4bfc850	TECH
5.6.2p1	8a29de46e0a0	TECH
5.4.5p4	e66fe3466ac1	TECH
2017.1.0f1	4d7fe18a2f34	TECH
5.5.4p1	ef963c7eb035	TECH
5.6.2f1	a2913c821e27	LTS
2017.1.0b10	94eaa37e21dd	BETA
5.6.1p4	99afd32ca6da	TECH
5.3.8f2	0c7e33ff9c0e	LTS
2017.1.0b9	a1e6a9071015	BETA
5.4.5p3	5c41f43a22b2	TECH
5.6.1p3	ede8e3f4adbd	TECH
5.5.4f1	8ffd0efd98b1	LTS
2017.1.0b8	17011ab1b2e1	BETA
5.6.1p2	fb53d44a1e84	TECH
5.4.5p2	e6ffa1986af7	TECH
2017.1.0b7	8a1ad67dc191	BETA
5.5.3p4	12955fd3914a	TECH
2017.1.0b6	38ec4e48ade7	BETA
5.6.1p1	74c1f4917542	TECH
2017.1.0b5	e2f219641e2c	BETA
5.6.1f1	2860b30f0b54	LTS
5.5.3p3	3ff9bc5a03ff	TECH
2017.1.0b4	ab0150af3e1e	BETA
5.6.0p4	396ab58c4e90	TECH
2017.1.0b3	9393889e4fe6	BETA
5.6.0p3	f8dcc233883f	TECH
2017.1.0b2	5e138e18bf82	BETA
5.5.3p2	f15b2772e4d0	TECH
5.6.0p2	bbd5ca01a0ea	TECH
5.6.0p1	6c0210300415	TECH
5.5.3p1	b27954c0d351	TECH
2017.1.0b1	a29fc4a7eb25	BETA
5.6.0f3	497a0f351392	LTS
5.5.3f1	4d2f809fd6f3	LTS
5.4.5p1	3a377daef261	TECH
5.6.0f2	a7535b2c1eb6	LTS
5.5.2p4	876cd739bef1	TECH
5.5.2p3	594449419939	TECH
5.6.0f1	bf5cca3e2788	LTS
5.4.5f1	68943b6c8c42	LTS
5.6.0b11	a13db154d9f7	BETA
5.5.2p2	03f34082a9c0	TECH
5.5.2p1	9360c5517afe	TECH
5.6.0b10	230d5f2aa01e	BETA
5.4.4p4	0415a3f705c9	TECH
5.5.2f1	3829d7f588f3	LTS
5.5.1p4	f10174ef3e2d	TECH
5.6.0b9	e1cc23a55ad8	BETA
5.6.0b8	ceacdcbcc360	BETA
5.5.1p3	828893732fe0	TECH
5.4.4p3	f19cbbe7deef	TECH
5.3.7p4	316083f083fb	TECH
5.6.0b7	01fb54121943	BETA
5.5.1p2	72bb63a39d55	TECH
5.6.0b6	1b8fda8687a3	BETA
5.5.1p1	d7332d2a7307	TECH
5.6.0b5	721ff8e6f757	BETA
5.4.4p2	53da848b487a	TECH
5.5.1f1	88d00a7498cd	LTS
5.6.0b4	f8c731df0021	BETA
5.4.4p1	84eca32fb10b	TECH
5.5.0p4	2f9c3a0f4141	TECH
5.4.4f1	5a3967d8c55d	LTS
5.5.0p3	84ad46be53aa	TECH
5.6.0b3	358ff4ed3952	BETA
5.3.7p3	53544b1200e7	TECH
5.6.0b2	5d236ef0678a	BETA
5.5.0p2	8c0fafe44827	TECH
5.4.3p4	4dfc8d4040f2	TECH
5.6.0b1	d37b23d9dfff	BETA
5.4.3p3	3592d3a1f914	TECH
5.5.0p1	f43eade5c7c4	TECH
5.4.3p2	81dd4868cb4c	TECH
5.5.0f3	38b4efef76f0	LTS
5.3.7p2	c7f50ac202bd	TECH
5.4.3p1	00292ff31167	TECH
5.5.0f2	1c3fa4a7f523	LTS
5.5.0f1	d44b7ab76b45	LTS
5.4.3f1	01f4c123905a	LTS
5.3.7p1	a26d44cae81c	TECH
5.5.0b11	03364468e96e	BETA
5.5.0b10	2db95121a71d	BETA
5.4.2p4	e59bdccd995f	TECH
5.3.7f1	c347874230fb	LTS
5.4.2p3	466fe82d1f51	TECH
5.4.2p2	d258db53ba1a	TECH
5.4.2p1	fe0fe6301f5e	TECH
5.5.0b9	d73e98081237	BETA
5.3.6p8	c04dd374db98	TECH
5.4.2f2	b7e030c65c9b	LTS
5.5.0b8	e1dcf339a591	BETA
5.5.0b7	bd91e53964bc	BETA
5.3.6p7	abe3b84f224e	TECH
5.4.1p4	139dac7766f0	TECH
5.5.0b6	e398e763a5a6	BETA
5.4.1p3	1b587b7935dc	TECH
5.5.0b5	33fcd81d660e	BETA
5.3.6p6	8f5aa09cf3e8	TECH
5.4.1p2	a8ddefd1bf1d	TECH
5.5.0b4	9f8737ccd563	BETA
5.3.6p5	d64ba7d31ce9	TECH
5.4.1p1	b9eb0361f989	TECH
5.5.0b3	52385a4d4cc9	BETA
5.4.1f1	649f48bbbf0f	LTS
5.5.0b2	741887044bba	BETA
5.3.6p4	e7c839af3bca	TECH
5.4.0p4	b15b5ae035b7	TECH
5.5.0b1	c9541e71da7e	BETA
5.4.0p3	dac96b578024	TECH
5.3.6p3	38355027a8f3	TECH
5.4.0p2	38a9e1a3db04	TECH
5.4.0p1	e61faee5ea97	TECH
5.3.6p2	7f388044e2f5	TECH
5.4.0f3	a6d8d714de6f	LTS
5.3.6p1	ef59fdfbd254	TECH
5.4.0f2	14e9279a8947	LTS
5.3.6f1	29055738eb78	LTS
5.4.0f1	c6df7519ab13	LTS
5.3.5p8	4ff20829e874	TECH
5.4.0b25	4aae2318024c	BETA
5.3.5p7	27325a5697c6	TECH
5.4.0b24	09bef7938b56	BETA
5.3.5p6	0947a3bf5ea4	TECH
5.4.0b23	23638bb68284	BETA
5.4.0b22	7633684eb4c7	BETA
5.3.5p5	2fb591d65635	TECH
5.3.5p4	f55402cb6571	TECH
5.3.5p3	4c1fbb057dc3	TECH
5.4.0b21	b9b5b8f40e73	BETA
5.1.5f1	9de525f1a6a8	LTS
5.3.5p2	3103edb99077	TECH
5.4.0b20	b220a1d6ff28	BETA
5.2.5f1	ad2d0368e248	LTS
5.3.5p1	04596651afa0	TECH
5.4.0b19	0df597686c75	BETA
5.4.0b18	5744ebf94ac5	BETA
5.3.5f1	960ebf59018a	LTS
5.3.4p6	9eb825cf2ca3	TECH
5.4.0b17	a34abf3bb95e	BETA
5.3.4p5	83b1f50dd5b8	TECH
5.4.0b16	75fd7cf4c4a2	BETA
5.3.4p4	43a3882ae25c	TECH
5.4.0b15	f24f29c81497	BETA
5.3.4p3	b902ad490cea	TECH
5.4.0b14	0d4790749194	BETA
5.3.4p2	fdf8d87c549e	TECH
5.4.0b13	90500643c620	BETA
5.4.0b12	56ed5ba0a871	BETA
5.3.4p1	e89f89413a91	TECH
5.4.0b11	323b0238353b	BETA
5.4.0b10	1329e1e590be	BETA
5.3.4f1	fdbb5133b820	LTS
5.3.3p3	1d2e01741d9f	TECH
5.4.0b9	04b47bfe5580	BETA
5.3.3p2	86ede31d5f8d	TECH
5.4.0b8	7dca131c8623	BETA
5.3.3p1	828971bd30e1	TECH
5.3.3f1	910d71450a97	LTS
5.4.0b7	b558e46def43	BETA
5.3.2p4	3df229d35023	TECH
5.4.0b6	2c3d6b93e789	BETA
5.3.2p3	b6c1a63227dc	TECH
5.4.0b5	60658ab74c44	BETA
5.3.2p2	dec88fd2a56c	TECH
5.4.0b4	a7d7a3a2cef4	BETA
5.3.2p1	82077c0be25b	TECH
5.3.2f1	e87ab445ead0	LTS
5.3.1p4	9ca6c7a9c23e	TECH
5.4.0b3	2ff318157d6c	BETA
5.4.0b2	1f5762d1292e	BETA
5.3.1p3	a581c9fffe9f	TECH
5.4.0b1	3137382c8e08	BETA
5.3.1p2	49544457ab1d	TECH
5.3.1p1	7d3d8e90548b	TECH
5.3.1f1	cc9cbbcc37b4	LTS
5.2.4f1	98095704e6fe	LTS
5.2.3p3	383123ade41b	TECH
5.3.0f4	2524e04062b4	LTS
5.2.3p2	b5869bab0ca4	TECH
5.2.3p1	16366bd81e69	TECH
5.3.0f2	ceb02979c32c	LTS
5.2.3f1	f3d16a1fa2dd	LTS
5.2.2p4	93d0b2db7c56	TECH
5.3.0f1	b948b362cb65	LTS
5.2.2p3	75b999ee8bfd	TECH
5.3.0b6	46b1550107d8	BETA
5.3.0b5	70818a4976ce	BETA
5.2.2p2	67d68477bb52	TECH
5.2.2p1	6dd5cd7ea574	TECH
5.3.0b4	0b62751e1675	BETA
5.2.2f1	3757309da7e7	LTS
5.3.0b3	b6181bece87a	BETA
5.2.1p4	9a78a9ce1e6c	TECH
5.3.0b2	ff049551936c	BETA
5.2.1p3	b7d18ab613bc	TECH
5.1.4f1	36d0f3617432	LTS
5.3.0b1	7dfb4e0eab03	BETA
5.2.1p2	008af436a8e0	TECH
5.2.1p1	9d7f6c38e90b	TECH
5.2.1f1	44735ea161b3	LTS
5.2.0p1	cd0778e591b3	TECH
5.1.3p3	f0a33a6ef422	TECH
5.1.3p2	bebcb01d8ab6	TECH
5.2.0f3	e7947df39b5c	LTS
5.1.3p1	8e79cb51fdc7	TECH
5.1.3f1	b0a23b31c3d8	LTS
5.2.0f2	7f8e5b3cbb5b	LTS
5.2.0f1	89160207ce1a	LTS
5.2.0b6	b867601cf0df	BETA
5.1.2p3	65486b59c7a9	TECH
5.2.0b5	ee847a19704b	BETA
5.1.2p2	207c2b8718a4	TECH
5.2.0b4	36becf5b1c79	BETA
5.1.2p1	4b35e09f2de6	TECH
5.2.0b3	7277f6f3686a	BETA
5.1.2f1	afd2369b692a	LTS
5.2.0b2	45f46778b381	BETA
5.1.1p4	c439df19cd24	TECH
5.0.4f1	1d75c08f1c9c	LTS
5.1.1p3	369fd983d9e1	TECH
5.2.0b1	687f34698e37	BETA
5.1.1p2	82544090e14f	TECH
5.0.3p3	70d53b55896f	TECH
5.1.1p1	17d6a7a3ab46	TECH
5.1.1f1	2046fc06d4d8	LTS
5.0.3p2	fdc6dca0d330	TECH
5.1.0p1	bbc4736be0f7	TECH
5.0.3p1	9e18eb741247	TECH
5.0.3f2	c28c7860811c	LTS
5.1.0f3	ec70b008569d	LTS
5.0.2p4	55ac7f2bae00	TECH
5.0.2p3	d1699214cbc5	TECH
5.1.0f2	0e70286e975e	LTS
5.0.2p2	f0e1974f8a5a	TECH
5.1.0f1	82c0618b396f	LTS
5.0.2p1	8532b35838a2	TECH
5.0.2f1	0b02744d4013	LTS
5.1.0b6	26869e5db4ee	BETA
5.0.1p4	d5a3c6c514e1	TECH
5.1.0b5	782695aa64f6	BETA
5.0.1p3	831bf8db21f1	TECH
5.0.1p2	7bde3a37f2fb	TECH
5.1.0b4	0f0f5ad4d59b	BETA
5.1.0b3	a70350bd372d	BETA
5.0.1p1	643d93bfede0	TECH
5.0.1f1	5a2e8fe35a68	LTS
5.0.0p3	8c9c1a5d2db2	TECH
5.0.0p2	b8242d3df8b0	TECH
5.0.0p1	b38b89c951b3	TECH
5.0.0f4	5b98b70ebeb9	LTS
